id,first_name,last_name,email,creditcard_type,order_id
1,Binni,Terbeck,bterbeck0@studiopress.com,maestro,7255e611-7856-4536-a49d-b2822740989a
2,Billy,Hooban,bhooban1@scribd.com,laser,7c3bfe6f-f25c-4c2b-91e8-6d6654c8eff7
3,Marybelle,Chaulk,mchaulk2@acquirethisname.com,china-unionpay,48bbac68-300c-4dfd-bebd-6b5db591de7c
4,Griffie,Myerscough,gmyerscough3@wikipedia.org,jcb,b23f0038-010e-4e82-8a59-147d8838d4f0
5,Deedee,Romayne,dromayne4@reference.com,jcb,a49436e5-e664-469c-ab6e-7fd038c23f4f
6,Evanne,Stickins,estickins5@webeden.co.uk,jcb,efa8975f-863b-4156-8669-a32df7af601d
7,Gerald,Tregiddo,gtregiddo6@intel.com,jcb,ce2f2507-765f-4a85-bc4d-d0c299db13ff
8,Lane,Buckhurst,lbuckhurst7@yellowpages.com,jcb,d14ad782-8d7d-47d0-9a85-f3bb01c70b2c
9,Agretha,Kochlin,akochlin8@unesco.org,laser,40d98b28-5942-4fea-984e-60e6153d6a1a
10,Jaine,Wolfenden,jwolfenden9@shutterfly.com,jcb,b30a6ebb-1762-4386-8a42-92c7ea2ff61b
11,Cal,Audrey,caudreya@independent.co.uk,jcb,0c958d53-ccf9-47ee-b000-28e61938ef6a
12,Alyda,Marchenko,amarchenkob@hubpages.com,visa-electron,0feb9aff-a8f7-4493-a73b-f8396d0823e0
13,Lorilee,Southon,lsouthonc@jugem.jp,jcb,34ab2fd1-1e81-4e37-89bd-bf9f87ed759d
14,Wrennie,Rollings,wrollingsd@techcrunch.com,diners-club-us-ca,1d8957bc-a2a4-4c5e-9c97-76634e6cdbb7
15,Rozella,Salasar,rsalasare@goo.ne.jp,bankcard,641c2b2a-52b3-49a6-b833-35ec2bf2af6e
16,Royall,Rothert,rrothertf@jugem.jp,jcb,62fd2417-d94a-43b5-b287-1eb6a2b420bc
17,Helene,Renahan,hrenahang@com.com,jcb,84dd5a87-7aa8-41a2-a21e-0dcdb5caf9e3
18,Bathsheba,Veevers,bveeversh@ed.gov,mastercard,3026daf8-84a7-4d67-b0f1-29769ab39cd0
19,Helene,Goad,hgoadi@admin.ch,jcb,68075f98-3bfc-471a-b150-a7befbdde900
20,Brigitte,Kinde,bkindej@senate.gov,china-unionpay,2e773518-1222-43ed-b23b-5a4daef8508e
21,Andriana,Harriot,aharriotk@theglobeandmail.com,switch,517f4657-5f06-4689-9d7f-57f6ed720601
22,Gaylord,Hollington,ghollingtonl@adobe.com,jcb,36757776-9ae7-4ecd-a90d-886535a10dfe
23,Lulu,Coniam,lconiamm@yahoo.co.jp,jcb,05dfe825-df69-4915-b5e9-321e0973a807
24,Farand,Peet,fpeetn@java.com,jcb,4ed6c92f-b7ad-413c-8e11-e92233d5c868
25,Barney,Trahear,btrahearo@yelp.com,visa-electron,8c1c0f44-1692-4eef-9cb3-be1c6e0f9f8b
26,Sanderson,Grierson,sgriersonp@tinypic.com,switch,dd408c4a-1743-4323-b0ff-bd25f8d9fadf
27,Montague,Barneveld,mbarneveldq@europa.eu,china-unionpay,989e09b4-c009-47b6-8f6e-f2a5436cbcd8
28,Latrina,McNeilly,lmcneillyr@ifeng.com,switch,5438515b-8978-4a78-9ea5-706dd589fee8
29,Susanna,Mayston,smaystons@sun.com,diners-club-international,eaf44d3e-5072-4d52-abaa-443d35dea406
30,Kippy,Throughton,kthroughtont@tmall.com,jcb,06494b70-33c4-47ee-a4f2-f9a029d73601
31,Rafi,Tilney,rtilneyu@pbs.org,switch,9a4b96b1-f00a-4077-bf22-acea8b21b40f
32,Chico,Bleas,cbleasv@mayoclinic.com,jcb,cfd3d478-76f3-4073-bf0c-f73a350115d6
33,Hunter,De Hailes,hdehailesw@economist.com,jcb,d0bd5b87-b31f-4c89-b30e-8a53109c6325
34,Perceval,McLeese,pmcleesex@fc2.com,jcb,8c63ed59-63f8-45d8-9d0e-37ddd2ebc0d7
35,Faina,Barrow,fbarrowy@google.com.hk,jcb,44c3f023-28f1-447a-be63-d832d82c1126
36,Susy,Oneil,soneilz@joomla.org,china-unionpay,2318e342-bf5a-4e0a-a8b7-aef630ae9ce2
37,Pet,Hincham,phincham10@elegantthemes.com,jcb,139b9c99-929d-4398-9df4-1b99b9441b82
38,Alberto,Dudmarsh,adudmarsh11@icq.com,visa-electron,34947e3e-1ef7-4484-8e0a-be479312e4db
39,Estrella,Nolton,enolton12@si.edu,jcb,0702ebf6-1687-4bad-972e-7b8b4a1bf2c1
40,Aurel,Crilley,acrilley13@simplemachines.org,diners-club-carte-blanche,65bb487b-4f6d-4b12-b41c-c6f5491782ee
41,Jecho,Heckner,jheckner14@plala.or.jp,jcb,60ba929c-b641-4837-b286-10da0aede914
42,Nance,Edelman,nedelman15@purevolume.com,laser,48f68788-f670-4f75-8e09-d558c60ee0e3
43,Moishe,Lorimer,mlorimer16@joomla.org,jcb,27ec68c2-61db-44ab-9e5e-00255eff562c
44,Nanci,Dupree,ndupree17@twitter.com,visa-electron,f36bbfc2-7186-413d-b5c9-d2ab791163d0
45,Bevan,Roskrug,broskrug18@discuz.net,jcb,4f453407-6a6b-4046-8bdd-4670a2d3c7a8
46,Berty,Smalridge,bsmalridge19@blogger.com,diners-club-enroute,ed32fbe2-3907-4e29-a555-7c63a6bb6649
47,Allistir,Barkley,abarkley1a@senate.gov,instapayment,63209f5a-629c-49f5-ab4d-72e16adaf907
48,Burton,Crouse,bcrouse1b@answers.com,mastercard,7aafee2d-d451-4c49-9542-ccdee5ce9bda
49,Sibylle,Glaister,sglaister1c@techcrunch.com,jcb,b1d36e58-eaa8-45d8-8acc-9dfd5bb19c7d
50,Desi,Gepp,dgepp1d@cbslocal.com,jcb,adb33afa-43fb-4933-81cc-8408b899f15a
51,Turner,Scholl,tscholl1e@about.com,visa,aa94ff72-6c84-44f3-a54c-09234d3aaf6c
52,Costanza,De Souza,cdesouza1f@accuweather.com,jcb,442346d9-bdfb-4635-9e8d-979c79dd9134
53,Hamlen,Crofthwaite,hcrofthwaite1g@webs.com,jcb,f77cc2db-99ba-4213-98cb-3c80abe46e90
54,Ernesta,Tampling,etampling1h@wix.com,jcb,8b3a6610-f07b-46df-9eae-9daef44b7e09
55,Bogart,Thewlis,bthewlis1i@multiply.com,diners-club-carte-blanche,c804c0ab-53f1-488c-932a-c2d23fc308eb
56,Mahalia,Coal,mcoal1j@com.com,instapayment,d66f982b-7809-4f3a-96b6-3f76f7aa1118
57,Deborah,Azema,dazema1k@oaic.gov.au,mastercard,e3dbebdc-9525-4e2f-88a7-4a5f2fc13417
58,Claudina,Kroll,ckroll1l@edublogs.org,jcb,22c87a2a-69c4-440c-9e99-c6161d8f2303
59,Kristen,Evens,kevens1m@howstuffworks.com,jcb,6e61a0c2-45f1-46ae-9ebc-67d73a1f3047
60,Thaddeus,Eshelby,teshelby1n@t.co,diners-club-carte-blanche,717f45e9-7071-4f8c-ad0b-046575a82f08
61,Stacia,Benadette,sbenadette1o@wikipedia.org,diners-club-us-ca,b1010599-b348-42fe-a229-a46fb09103ce
62,Nariko,Edgcombe,nedgcombe1p@macromedia.com,diners-club-us-ca,1a27de05-2455-4cec-b02c-0d4a267400be
63,Risa,Fosberry,rfosberry1q@usnews.com,switch,3e0f7d7e-bf87-4549-a70f-4bc50211dfb2
64,Lebbie,Ferguson,lferguson1r@google.com.au,jcb,eb5af9f1-72ee-45b1-8dbf-f65672fdcfc7
65,Quintus,Greenwood,qgreenwood1s@example.com,jcb,e7c940cf-1335-4f2e-9faa-23c7619f0f80
66,Burlie,Hessenthaler,bhessenthaler1t@mysql.com,jcb,dea5468c-f723-4071-a8ac-31fb850c32a8
67,Giselbert,Vockings,gvockings1u@amazon.com,jcb,44013284-35c6-4d92-9294-0c163f9916f2
68,Diarmid,Thornally,dthornally1v@about.com,diners-club-carte-blanche,12675a67-9704-451c-93d9-4563eed310b9
69,Paddie,Attwell,pattwell1w@etsy.com,bankcard,d2385a56-43eb-4982-8872-b1b9692a03d8
70,Daveen,Mower,dmower1x@microsoft.com,jcb,cd60570c-7ae9-4547-89f3-87eb1c304aef
71,Shandee,Borleace,sborleace1y@netvibes.com,jcb,1e370214-6318-4633-8497-48a39a65088d
72,Neale,Wedderburn,nwedderburn1z@illinois.edu,jcb,ffcb1b3f-fe47-4f79-bfc5-1ffa2d5f8930
73,Bryn,Dat,bdat20@163.com,bankcard,dac8bc92-cb28-4c25-afcb-30bec7b44117
74,Davina,Spurden,dspurden21@cmu.edu,jcb,6e2eb602-a516-4b3e-adb6-7ac3e04d5c77
75,Misti,Briat,mbriat22@ebay.com,switch,e38a428d-60b2-4986-8dba-2315232e7b60
76,Claretta,Drury,cdrury23@statcounter.com,china-unionpay,461bdeee-d183-4ac0-af1e-bdc8b4fb09ac
77,Pier,Hamper,phamper24@tinyurl.com,china-unionpay,cf714b45-d78c-4d39-a5a5-ac503f4294b6
78,Laney,Rigden,lrigden25@hubpages.com,jcb,5053accc-9443-4ace-a5ef-be39f97a5337
79,Anselma,Warcop,awarcop26@aol.com,visa-electron,442e27af-cab1-4543-8fb6-82f5ed84ec53
80,Viviene,Innman,vinnman27@flavors.me,jcb,edb25887-4b6e-40f1-9ab7-47b53f8b3ed3
81,Maggee,Tulip,mtulip28@nbcnews.com,jcb,3373b03a-8013-47f7-a748-563af9199550
82,Ced,Bernardini,cbernardini29@squidoo.com,americanexpress,4eef5697-b752-4062-9986-ba448f5339f7
83,Dorry,Whitmell,dwhitmell2a@jalbum.net,solo,5d485975-e518-45b4-9794-33969d323c47
84,Danette,Gatlin,dgatlin2b@godaddy.com,jcb,4a790241-f6e5-4c69-8945-152245b7c309
85,Charity,McLagan,cmclagan2c@google.ru,jcb,0d88c6ea-e9ff-4502-b2f0-b37b66846959
86,Merv,Parham,mparham2d@last.fm,diners-club-carte-blanche,d5ba02db-aa97-478e-ad69-bb8a4ea85e58
87,Mikey,Knowlys,mknowlys2e@ocn.ne.jp,jcb,847a582c-03af-4671-b217-8f61f0a40872
88,Ruthann,Cornelis,rcornelis2f@privacy.gov.au,jcb,ef45e075-d6db-4f26-aa22-11b8eae15050
89,Emlyn,Dummer,edummer2g@ucoz.ru,jcb,11658fcf-1c73-4738-8df6-55be3782188c
90,Janet,Kleine,jkleine2h@people.com.cn,jcb,ee815a15-9faa-4877-8cb6-7b4184107463
91,Saxe,Titterell,stitterell2i@comcast.net,diners-club-enroute,1c495cbb-d5ac-407b-aa1d-1643fe20608f
92,Lyell,Mughal,lmughal2j@huffingtonpost.com,americanexpress,9ffb1abc-1ba7-425c-9600-fdd71ed25593
93,Vera,Whissell,vwhissell2k@wikimedia.org,mastercard,49f9743b-7343-4a37-ba72-fe2ce9e480cc
94,Bettine,Orange,borange2l@taobao.com,switch,adc409eb-5cce-40b2-b3ed-4498acb163fe
95,Zondra,Bruckshaw,zbruckshaw2m@mediafire.com,china-unionpay,3e325524-31d7-47bb-9930-579115251bc3
96,Caryl,Burbidge,cburbidge2n@artisteer.com,diners-club-carte-blanche,7d575d57-ede7-490a-a492-3fc939113e99
97,Alaric,Roche,aroche2o@xing.com,jcb,151208c1-29cc-4495-a98f-1b09951e1873
98,Wolfie,Casini,wcasini2p@virginia.edu,mastercard,0bac83b4-bbd3-43cb-9665-4c5b3fc3f8ac
99,Bethanne,Haseldine,bhaseldine2q@globo.com,switch,c5c7fd7b-2f6b-4e0b-b90c-2558ee736949
100,Barty,Dilkes,bdilkes2r@ebay.co.uk,visa-electron,3b755a56-076d-48f1-bdd2-8c0c46bf297a
101,Birdie,Akitt,bakitt2s@devhub.com,mastercard,312c0e80-a591-47c8-abc3-c5629033ed9e
102,Amy,Cotterill,acotterill2t@unc.edu,jcb,b6bd5f2e-f7d2-432c-8703-ff1731e714e4
103,Conney,Klaves,cklaves2u@pbs.org,instapayment,765a0e2f-24f8-4ebb-8040-c002c35e5818
104,Margarethe,Cready,mcready2v@buzzfeed.com,jcb,85e48ba8-16c2-4ed9-aadf-994d948367ea
105,Thorn,Devereu,tdevereu2w@bigcartel.com,mastercard,d382eadb-46b7-4157-9db8-d0467671b6b9
106,Bari,O'Keaveny,bokeaveny2x@surveymonkey.com,jcb,c687d266-ee4b-46d1-86cc-a5c722bef5e1
107,Marketa,Birtwell,mbirtwell2y@spotify.com,visa-electron,233086b7-b98e-415c-9553-9ac2cb0e0806
108,Niccolo,Romeuf,nromeuf2z@bloomberg.com,jcb,39691a02-56b3-4526-b977-600bbe599a15
109,Kimbell,Petschel,kpetschel30@adobe.com,jcb,fb9166ca-6a49-414d-935d-94f936b78ff5
110,Sally,Body,sbody31@theglobeandmail.com,mastercard,8f519aaf-fc69-48b6-8ed9-c8c2331390c1
111,Harland,MacEvilly,hmacevilly32@indiegogo.com,china-unionpay,2b1c5a3a-e9b1-4887-8e72-c2838e389d76
112,Shellysheldon,Rodolf,srodolf33@hp.com,jcb,1b6b2100-d0c9-4736-acd1-d09059baff5d
113,Curr,Mellers,cmellers34@tinypic.com,visa,681ff9b6-793e-4ebd-af3f-047971d05f2d
114,Maryl,Bristoe,mbristoe35@smugmug.com,mastercard,e57c0d16-3617-4197-a117-b4914ac6bfb5
115,Courtenay,Murray,cmurray36@apache.org,mastercard,2d7adf7f-2b99-4ce5-9872-d188b7022c6f
116,Constancia,Michieli,cmichieli37@icio.us,visa,2b3c5152-8295-47b7-a6da-2507fe0ba882
117,Teresa,Billison,tbillison38@newyorker.com,jcb,f12bb24b-a9bb-47dc-9a02-de5a4722b48a
118,Devin,Coulter,dcoulter39@prweb.com,visa,40e675e5-70af-48c2-87dc-9afceff919a3
119,Shawn,Matoshin,smatoshin3a@youku.com,mastercard,03ee3e34-f151-4e89-9d09-63e02857b64f
120,Sondra,Jelleman,sjelleman3b@vinaora.com,jcb,92958fbe-5600-4288-8111-0388c3288d1a
121,Camile,Pretti,cpretti3c@princeton.edu,jcb,100404f5-de0c-4ae6-9fa8-be1283a0e52f
122,Myrilla,Crispin,mcrispin3d@yahoo.com,jcb,829705d2-bad1-4530-97ec-9129baff7240
123,Ronna,Tansley,rtansley3e@msn.com,mastercard,92e805fb-231c-4ee6-8e7f-2a61d2477856
124,Tonie,Martinolli,tmartinolli3f@youtube.com,jcb,c2a0d930-53bc-485d-9fcc-603eb270859d
125,Lowe,Silman,lsilman3g@mit.edu,mastercard,964b70f2-274b-440e-9418-51d11ceca7f1
126,Siana,Ceschi,sceschi3h@oaic.gov.au,instapayment,bb987a95-5d4c-4c9e-8db5-f62d870ae2d8
127,Samson,Sawfoot,ssawfoot3i@dion.ne.jp,jcb,a273a61c-8582-44ab-a4b9-62884763d16b
128,Claudette,McBeath,cmcbeath3j@simplemachines.org,jcb,eed20b16-585d-4e45-a91c-d5062e650250
129,Renata,Isacke,risacke3k@nationalgeographic.com,jcb,8534bacd-3280-4ac4-a948-1f4f9cb6cd75
130,Waly,Clelland,wclelland3l@buzzfeed.com,mastercard,88bcff90-3db4-4bc6-b698-759b8ebfd48c
131,Milli,Mollin,mmollin3m@joomla.org,jcb,92261ea1-cf67-4200-8570-88af09c87571
132,Ruperta,Elener,relener3n@livejournal.com,jcb,69d3baac-0783-4238-bc9e-e7c5c978be2d
133,Dasie,Karolyi,dkarolyi3o@miibeian.gov.cn,jcb,a92ca0e2-4da1-479a-85f8-6b3696bfa321
134,Annice,Braghini,abraghini3p@unicef.org,china-unionpay,4456d5f8-8a28-42d1-9d03-5a4901ad7206
135,Philippe,Pester,ppester3q@ustream.tv,visa,8d5e2602-5b5c-45a9-beaf-991c0843331c
136,Annabal,Corkett,acorkett3r@barnesandnoble.com,switch,904f7adf-daa5-4f32-83e2-e76d60f978ff
137,Lorilee,Pincked,lpincked3s@discuz.net,laser,70bc6cf2-4ee0-47cb-8847-3f9b206d9e06
138,Bern,Hamflett,bhamflett3t@fc2.com,visa,d0d5e7ba-8bb5-49cd-99c4-dc4cfdfc0a37
139,Constancia,Degli Abbati,cdegliabbati3u@woothemes.com,jcb,cc5ee53c-99e3-417a-9f7e-7773b39b5090
140,Jeth,Jendrys,jjendrys3v@wikispaces.com,jcb,8560e64f-147b-4492-a408-19640a2ce128
141,Mil,Capozzi,mcapozzi3w@com.com,jcb,608e5fc4-caa1-4a96-a9af-494681c1d483
142,Sydel,Olyonov,solyonov3x@theguardian.com,jcb,ef7e30b0-fc85-4775-956d-188461e16c51
143,Douglas,Gerasch,dgerasch3y@samsung.com,jcb,18916d34-eb52-461c-bec4-ec3214411345
144,Gage,Ricciardello,gricciardello3z@cdbaby.com,visa-electron,2ff809b9-ad31-477b-a62b-2c043ec14020
145,Ruddie,Pourvoieur,rpourvoieur40@businessinsider.com,jcb,3ad863d3-5367-4201-bf3e-c6ba288c9f30
146,Leonardo,Josephov,ljosephov41@wikispaces.com,jcb,2ff9e664-f020-48fd-810e-dc47c019d57a
147,Maye,Torns,mtorns42@issuu.com,diners-club-international,5700b52c-14ab-4fe7-a851-a07e5e0fc822
148,Morly,Siveter,msiveter43@w3.org,jcb,b7a1a0c9-fd27-4a76-8ab1-b8aa7ca1afb7
149,Sonnie,Giovani,sgiovani44@zimbio.com,jcb,117716b5-4d11-4604-be67-37242b1f5527
150,Jolene,Macoun,jmacoun45@indiegogo.com,mastercard,37ad7d88-ef50-4ab8-988a-efe9907ac06b
151,Orlan,Denisovo,odenisovo46@symantec.com,bankcard,926bebc9-1740-471b-b4cb-2dbcd87675dd
152,Sander,Biggadyke,sbiggadyke47@digg.com,jcb,b8adfedc-2caa-428f-ba82-e74010a58ad5
153,Karlee,Walthew,kwalthew48@netscape.com,jcb,827bc5b3-539b-42eb-bf19-7f594efd64b1
154,Palmer,Gibbard,pgibbard49@goodreads.com,jcb,624e72a9-c725-424b-9f7e-313ce658d26a
155,Mabelle,Bartlomiej,mbartlomiej4a@irs.gov,mastercard,80820356-e76a-4446-9f76-545ad4948ed5
156,Cynthia,Tibbotts,ctibbotts4b@booking.com,switch,7c4fe93e-3ad0-4285-9af8-4e6677260474
157,Cynde,Szantho,cszantho4c@topsy.com,jcb,b8758467-65fb-44f6-84d7-7ff2fcd812fe
158,Hank,Dawdary,hdawdary4d@ocn.ne.jp,jcb,163cbf99-1f3e-4234-a9ab-508b915f827a
159,Lorenzo,Perfitt,lperfitt4e@rediff.com,jcb,d5720e24-f2df-40a3-895a-7a7ecdb3e614
160,Cyrill,Yanin,cyanin4f@etsy.com,jcb,48c9f611-f8a3-4e2c-92a2-b9416c05091b
161,Nertie,Kemmer,nkemmer4g@dion.ne.jp,visa-electron,4a594ca7-e49d-4e72-8061-f9b7d8432d7b
162,Catherine,Myerscough,cmyerscough4h@uol.com.br,maestro,5c8ab4ad-5b64-42aa-9852-401c57c4ad7a
163,Jeff,Cearley,jcearley4i@illinois.edu,jcb,bd6e376a-0b23-4fc3-a1b9-385dad6727ef
164,Emlynn,McNirlin,emcnirlin4j@hexun.com,bankcard,412fcc4f-7800-4377-a55b-16af59270a9a
165,Elka,Buie,ebuie4k@hao123.com,mastercard,e05fe566-48e8-439a-adda-148eac8477d9
166,Hector,Roomes,hroomes4l@elegantthemes.com,jcb,90e8b8aa-2ba1-49d7-9487-0aad91dc18fe
167,Arielle,Jacquest,ajacquest4m@wunderground.com,jcb,11acb17c-d9b9-4cd5-bc43-d02984d84cf6
168,Cullen,Daymont,cdaymont4n@blogtalkradio.com,jcb,3b0971d9-e9b7-4308-b52d-243a5b9d04b9
169,Desiree,Wimlett,dwimlett4o@canalblog.com,solo,5033a17f-0d75-4ed1-a550-ae95acf5174f
170,Dora,Ebdin,debdin4p@cdc.gov,switch,2e7af6e7-f2b8-49ab-b01b-abe842771be0
171,Orelee,Clackers,oclackers4q@tripod.com,switch,2cb1f4dc-6fd3-40ec-9fd2-b129716fd2d5
172,Evangelia,Brodest,ebrodest4r@addthis.com,visa,f4d75ad3-1b99-4eef-8299-9d9e6831f521
173,Emmaline,Tabourel,etabourel4s@chron.com,switch,1e9e4737-4fdc-4686-965d-62741d0e8e77
174,Mikey,Savidge,msavidge4t@state.tx.us,switch,d0bb9594-9a0c-47d8-8808-2ce4bd108ab6
175,Byrle,Holtham,bholtham4u@cdbaby.com,diners-club-carte-blanche,70ec2160-1941-49cb-88ed-c48acd9fc59a
176,Shoshana,Antonsson,santonsson4v@themeforest.net,visa,13ad0256-2885-45a3-8b23-2ac54cceb12e
177,Ogden,Atkin,oatkin4w@friendfeed.com,mastercard,5a59c31c-5415-478b-b861-75727313378e
178,Berenice,Peepall,bpeepall4x@disqus.com,jcb,cb8bcb4b-08dc-4008-bd9e-721ff1240bf4
179,Lamond,Castellucci,lcastellucci4y@buzzfeed.com,jcb,c62eafd6-8f65-4ee0-b6e7-824c20eadfeb
180,Ralina,Baccup,rbaccup4z@loc.gov,diners-club-carte-blanche,e92a43a9-1120-4efb-a339-31c16cd202c8
181,Natal,Tomsu,ntomsu50@histats.com,bankcard,fed19618-1224-42ec-af3b-88c9ccd3e202
182,Sari,McRonald,smcronald51@cornell.edu,bankcard,90de3a74-5d77-4ce7-8f22-b1d36b3a2246
183,Eveline,Bick,ebick52@sohu.com,jcb,d793bc2f-365a-491a-9b1b-830e7c90a1d1
184,Marlena,Gaylord,mgaylord53@hp.com,jcb,4dd80613-963b-44c8-b664-4375b2877e28
185,Pavlov,Creegan,pcreegan54@usnews.com,jcb,ec9b3238-777e-449c-9ca6-6dd39b02de13
186,April,Lutwidge,alutwidge55@washington.edu,jcb,7a942ac5-296e-40de-8778-94fc9c7b847c
187,Markus,Gillogley,mgillogley56@dot.gov,mastercard,9ec82dfb-7169-42f7-804a-01e3d350af5d
188,Clarabelle,Echallie,cechallie57@state.gov,maestro,fb88288f-9202-4e34-b74e-df838a7e9957
189,Kristien,Friman,kfriman58@blinklist.com,jcb,3022aac0-64bd-4c80-b0c0-42100253f5a3
190,Elnore,Fernan,efernan59@cbslocal.com,instapayment,aa922184-38dc-4d28-b1d1-f2c8ae97c62f
191,Harlen,Santen,hsanten5a@nifty.com,jcb,c308a10f-fe78-4113-9e29-5391888fd5ca
192,Corny,Binne,cbinne5b@gnu.org,americanexpress,3888eec4-a4eb-492c-81d1-8cc3d2e859c3
193,Sigismundo,Paulillo,spaulillo5c@wufoo.com,instapayment,29b8469e-4d6f-437e-b013-0f36ded3eda9
194,Rae,O'Brallaghan,robrallaghan5d@bing.com,diners-club-carte-blanche,b15d6ccc-c956-4da0-b26a-19fcf314eb79
195,Sayre,Eyckel,seyckel5e@nymag.com,maestro,626e2110-5957-45e7-a977-712686e8a97f
196,Antoine,Lidington,alidington5f@narod.ru,jcb,f191bf09-ff71-49d3-a712-ec2ac9897b93
197,Berny,Liff,bliff5g@de.vu,switch,13eccc92-f8d3-4744-a5b3-d8cf9daab7ce
198,Ginger,Stigger,gstigger5h@163.com,china-unionpay,777bfc83-267d-43c8-93d0-c235660ef7ed
199,Jodie,Dakin,jdakin5i@mysql.com,jcb,3cd3c5d0-28f2-4dc7-afdd-51252642aa2b
200,Micheline,Carpmile,mcarpmile5j@ask.com,jcb,536c3827-621c-487a-b450-a6d476fa8d69
